filename,split
ILSVRC2012_val_00000524.JPEG,train
ILSVRC2012_val_00000203.JPEG,train
dragon_13149.png,train
dragon_09999.png,train
ILSVRC2012_val_00000030.JPEG,train
dragon_04699.png,train
ILSVRC2012_val_00000496.JPEG,train
ILSVRC2012_val_00000687.JPEG,train
ILSVRC2012_val_00000485.JPEG,train
ILSVRC2012_val_00000850.JPEG,train
dragon_15024.png,train
dragon_21899.png,train
dragon_23849.png,train
dragon_15374.png,train
dragon_18199.png,train
dragon_22624.png,train
dragon_14499.png,train
ILSVRC2012_val_00000833.JPEG,train
dragon_03299.png,train
dragon_06724.png,train
dragon_01899.png,train
ILSVRC2012_val_00000975.JPEG,train
dragon_16524.png,train
ILSVRC2012_val_00000465.JPEG,train
ILSVRC2012_val_00000263.JPEG,train
dragon_00349.png,train
dragon_11049.png,train
dragon_01399.png,train
dragon_23649.png,train
ILSVRC2012_val_00000456.JPEG,train
dragon_23449.png,train
ILSVRC2012_val_00000657.JPEG,train
dragon_14199.png,train
ILSVRC2012_val_00000711.JPEG,train
ILSVRC2012_val_00000375.JPEG,train
dragon_21549.png,train
dragon_16174.png,train
dragon_02349.png,train
ILSVRC2012_val_00000333.JPEG,train
ILSVRC2012_val_00000048.JPEG,train
dragon_11599.png,train
dragon_10199.png,train
ILSVRC2012_val_00000940.JPEG,train
ILSVRC2012_val_00000843.JPEG,train
dragon_08524.png,train
ILSVRC2012_val_00000258.JPEG,train
ILSVRC2012_val_00000771.JPEG,train
dragon_24424.png,train
ILSVRC2012_val_00000426.JPEG,train
dragon_05149.png,train
dragon_00574.png,train
dragon_12024.png,train
dragon_07974.png,train
dragon_16299.png,train
ILSVRC2012_val_00000490.JPEG,train
ILSVRC2012_val_00000807.JPEG,train
ILSVRC2012_val_00000584.JPEG,train
ILSVRC2012_val_00000181.JPEG,train
dragon_14524.png,train
ILSVRC2012_val_00000495.JPEG,train
ILSVRC2012_val_00000619.JPEG,train
dragon_04274.png,train
ILSVRC2012_val_00000487.JPEG,train
dragon_20774.png,train
dragon_13024.png,train
ILSVRC2012_val_00000112.JPEG,train
dragon_12249.png,train
ILSVRC2012_val_00000636.JPEG,train
dragon_18949.png,train
dragon_04574.png,train
dragon_00024.png,train
dragon_10849.png,train
dragon_15449.png,train
dragon_03549.png,train
ILSVRC2012_val_00000249.JPEG,train
ILSVRC2012_val_00000649.JPEG,train
ILSVRC2012_val_00000322.JPEG,train
ILSVRC2012_val_00000374.JPEG,train
dragon_13549.png,train
dragon_03924.png,train
ILSVRC2012_val_00000022.JPEG,train
dragon_20624.png,train
dragon_07824.png,train
dragon_16724.png,train
dragon_20574.png,train
ILSVRC2012_val_00000253.JPEG,train
ILSVRC2012_val_00000394.JPEG,train
dragon_16824.png,train
dragon_11649.png,train
dragon_17349.png,train
ILSVRC2012_val_00000171.JPEG,train
ILSVRC2012_val_00000474.JPEG,train
dragon_10049.png,train
dragon_02599.png,train
dragon_05449.png,train
ILSVRC2012_val_00000403.JPEG,train
ILSVRC2012_val_00000881.JPEG,train
dragon_03899.png,train
dragon_13524.png,train
dragon_22399.png,train
ILSVRC2012_val_00000252.JPEG,train
dragon_21924.png,train
dragon_07149.png,train
ILSVRC2012_val_00000760.JPEG,train
dragon_10549.png,train
ILSVRC2012_val_00000531.JPEG,train
dragon_03199.png,train
dragon_14174.png,train
dragon_07399.png,train
ILSVRC2012_val_00000272.JPEG,train
ILSVRC2012_val_00000907.JPEG,train
ILSVRC2012_val_00000784.JPEG,train
dragon_19474.png,train
ILSVRC2012_val_00000543.JPEG,train
dragon_21399.png,train
dragon_09024.png,train
dragon_19924.png,train
dragon_17949.png,train
ILSVRC2012_val_00000578.JPEG,train
dragon_24899.png,train
ILSVRC2012_val_00000900.JPEG,train
dragon_00599.png,train
ILSVRC2012_val_00000681.JPEG,train
ILSVRC2012_val_00000024.JPEG,train
dragon_03049.png,train
dragon_15074.png,train
dragon_14774.png,train
dragon_04624.png,train
ILSVRC2012_val_00000852.JPEG,train
dragon_10124.png,train
dragon_19249.png,train
dragon_24974.png,train
ILSVRC2012_val_00000483.JPEG,train
dragon_18274.png,train
dragon_09824.png,train
dragon_16874.png,train
ILSVRC2012_val_00000006.JPEG,train
ILSVRC2012_val_00000499.JPEG,train
dragon_10674.png,train
dragon_19299.png,train
dragon_06099.png,train
ILSVRC2012_val_00000945.JPEG,train
ILSVRC2012_val_00000721.JPEG,train
dragon_14874.png,train
dragon_13774.png,train
dragon_16674.png,train
dragon_18174.png,train
ILSVRC2012_val_00000553.JPEG,train
dragon_13374.png,train
ILSVRC2012_val_00000193.JPEG,train
dragon_11574.png,train
dragon_03949.png,train
dragon_19824.png,train
dragon_06849.png,train
dragon_22699.png,train
dragon_14449.png,train
ILSVRC2012_val_00000060.JPEG,train
dragon_08549.png,train
ILSVRC2012_val_00000836.JPEG,train
dragon_03724.png,train
ILSVRC2012_val_00000990.JPEG,train
ILSVRC2012_val_00000539.JPEG,train
ILSVRC2012_val_00000142.JPEG,train
dragon_02074.png,train
ILSVRC2012_val_00000996.JPEG,train
dragon_05574.png,train
dragon_17799.png,train
dragon_22074.png,train
dragon_07774.png,train
dragon_04224.png,train
dragon_23699.png,train
ILSVRC2012_val_00000341.JPEG,train
ILSVRC2012_val_00000692.JPEG,train
dragon_17024.png,train
dragon_01974.png,train
dragon_02649.png,train
dragon_21324.png,train
dragon_01074.png,train
ILSVRC2012_val_00000565.JPEG,train
dragon_18124.png,train
dragon_24174.png,train
ILSVRC2012_val_00000135.JPEG,train
ILSVRC2012_val_00000905.JPEG,train
dragon_10624.png,train
dragon_06674.png,train
dragon_19324.png,train
dragon_21724.png,train
ILSVRC2012_val_00000775.JPEG,train
ILSVRC2012_val_00000795.JPEG,train
dragon_13999.png,train
ILSVRC2012_val_00000409.JPEG,train
dragon_20699.png,train
dragon_05974.png,train
ILSVRC2012_val_00000744.JPEG,train
ILSVRC2012_val_00000518.JPEG,train
dragon_15249.png,train
dragon_00899.png,train
ILSVRC2012_val_00000981.JPEG,train
ILSVRC2012_val_00000211.JPEG,train
ILSVRC2012_val_00000388.JPEG,train
ILSVRC2012_val_00000190.JPEG,train
ILSVRC2012_val_00000331.JPEG,train
ILSVRC2012_val_00000912.JPEG,train
dragon_21299.png,train
dragon_18874.png,train
dragon_13049.png,train
dragon_09599.png,train
ILSVRC2012_val_00000700.JPEG,train
ILSVRC2012_val_00000212.JPEG,train
ILSVRC2012_val_00000482.JPEG,train
dragon_24924.png,train
dragon_20074.png,train
dragon_15099.png,train
dragon_05899.png,train
ILSVRC2012_val_00000344.JPEG,train
ILSVRC2012_val_00000592.JPEG,train
dragon_12074.png,train
ILSVRC2012_val_00000839.JPEG,train
ILSVRC2012_val_00000298.JPEG,train
ILSVRC2012_val_00000781.JPEG,train
ILSVRC2012_val_00000358.JPEG,train
ILSVRC2012_val_00000122.JPEG,train
ILSVRC2012_val_00000864.JPEG,train
ILSVRC2012_val_00000998.JPEG,train
dragon_01424.png,train
dragon_00474.png,train
ILSVRC2012_val_00000246.JPEG,train
ILSVRC2012_val_00000195.JPEG,train
ILSVRC2012_val_00000020.JPEG,train
ILSVRC2012_val_00000010.JPEG,train
ILSVRC2012_val_00000570.JPEG,train
ILSVRC2012_val_00000061.JPEG,train
dragon_20524.png,train
dragon_22149.png,train
ILSVRC2012_val_00000417.JPEG,train
dragon_08799.png,train
dragon_02299.png,train
ILSVRC2012_val_00000568.JPEG,train
dragon_13274.png,train
ILSVRC2012_val_00000116.JPEG,train
dragon_11874.png,train
ILSVRC2012_val_00000277.JPEG,train
dragon_13949.png,train
ILSVRC2012_val_00000275.JPEG,train
dragon_06199.png,train
dragon_17674.png,train
dragon_16149.png,train
dragon_11524.png,train
ILSVRC2012_val_00000100.JPEG,train
ILSVRC2012_val_00000765.JPEG,train
dragon_11274.png,train
ILSVRC2012_val_00000430.JPEG,train
dragon_10499.png,train
ILSVRC2012_val_00000065.JPEG,train
dragon_24374.png,train
dragon_02524.png,train
ILSVRC2012_val_00000546.JPEG,train
ILSVRC2012_val_00000745.JPEG,train
ILSVRC2012_val_00000021.JPEG,train
ILSVRC2012_val_00000563.JPEG,train
dragon_18074.png,train
dragon_04324.png,train
dragon_09674.png,train
dragon_12849.png,train
ILSVRC2012_val_00000279.JPEG,train
dragon_22499.png,train
ILSVRC2012_val_00000783.JPEG,train
ILSVRC2012_val_00000400.JPEG,train
ILSVRC2012_val_00000809.JPEG,train
ILSVRC2012_val_00000408.JPEG,train
dragon_24949.png,train
ILSVRC2012_val_00000943.JPEG,train
dragon_00799.png,train
ILSVRC2012_val_00000645.JPEG,train
dragon_07599.png,train
dragon_24774.png,train
ILSVRC2012_val_00000308.JPEG,train
dragon_24474.png,train
ILSVRC2012_val_00000663.JPEG,train
ILSVRC2012_val_00000125.JPEG,train
dragon_10149.png,train
ILSVRC2012_val_00000300.JPEG,train
ILSVRC2012_val_00000399.JPEG,train
dragon_05174.png,train
dragon_12474.png,train
dragon_15574.png,train
ILSVRC2012_val_00000583.JPEG,train
ILSVRC2012_val_00000110.JPEG,train
dragon_01824.png,train
dragon_21999.png,train
dragon_08124.png,train
dragon_17149.png,train
ILSVRC2012_val_00000625.JPEG,train
ILSVRC2012_val_00000240.JPEG,train
dragon_18374.png,train
dragon_09774.png,train
dragon_18049.png,train
dragon_16649.png,train
ILSVRC2012_val_00000718.JPEG,train
dragon_24099.png,train
dragon_19949.png,train
ILSVRC2012_val_00000079.JPEG,train
dragon_20124.png,train
ILSVRC2012_val_00000995.JPEG,train
ILSVRC2012_val_00000238.JPEG,train
dragon_12174.png,train
ILSVRC2012_val_00000615.JPEG,train
dragon_23024.png,train
ILSVRC2012_val_00000014.JPEG,train
ILSVRC2012_val_00000993.JPEG,train
dragon_22849.png,train
dragon_18849.png,train
ILSVRC2012_val_00000454.JPEG,train
dragon_09974.png,train
ILSVRC2012_val_00000293.JPEG,train
ILSVRC2012_val_00000370.JPEG,train
ILSVRC2012_val_00000031.JPEG,train
dragon_11474.png,train
dragon_01724.png,train
ILSVRC2012_val_00000937.JPEG,train
ILSVRC2012_val_00000750.JPEG,train
dragon_05199.png,train
ILSVRC2012_val_00000247.JPEG,train
ILSVRC2012_val_00000016.JPEG,train
ILSVRC2012_val_00000173.JPEG,train
dragon_07849.png,train
dragon_19074.png,train
ILSVRC2012_val_00000510.JPEG,train
ILSVRC2012_val_00000743.JPEG,train
ILSVRC2012_val_00000423.JPEG,train
ILSVRC2012_val_00000788.JPEG,train
dragon_18599.png,train
ILSVRC2012_val_00000974.JPEG,train
dragon_24124.png,train
ILSVRC2012_val_00000412.JPEG,train
dragon_14024.png,train
ILSVRC2012_val_00000154.JPEG,train
ILSVRC2012_val_00000449.JPEG,train
dragon_01949.png,train
dragon_07924.png,train
dragon_17824.png,train
ILSVRC2012_val_00000189.JPEG,train
dragon_11949.png,train
dragon_07999.png,train
ILSVRC2012_val_00000994.JPEG,train
ILSVRC2012_val_00000315.JPEG,train
dragon_19774.png,train
ILSVRC2012_val_00000214.JPEG,train
ILSVRC2012_val_00000890.JPEG,train
dragon_00149.png,train
ILSVRC2012_val_00000560.JPEG,train
ILSVRC2012_val_00000789.JPEG,train
dragon_08999.png,train
ILSVRC2012_val_00000600.JPEG,train
dragon_20549.png,train
ILSVRC2012_val_00000631.JPEG,train
dragon_20849.png,train
ILSVRC2012_val_00000688.JPEG,train
ILSVRC2012_val_00000533.JPEG,train
ILSVRC2012_val_00000895.JPEG,train
dragon_01349.png,train
dragon_24274.png,train
dragon_16074.png,train
ILSVRC2012_val_00000073.JPEG,train
ILSVRC2012_val_00000871.JPEG,train
ILSVRC2012_val_00000138.JPEG,train
dragon_05874.png,train
ILSVRC2012_val_00000612.JPEG,train
dragon_03649.png,train
dragon_12224.png,train
dragon_21049.png,train
ILSVRC2012_val_00000557.JPEG,train
ILSVRC2012_val_00000438.JPEG,train
ILSVRC2012_val_00000702.JPEG,train
dragon_24699.png,train
ILSVRC2012_val_00000152.JPEG,train
ILSVRC2012_val_00000176.JPEG,train
dragon_20824.png,train
ILSVRC2012_val_00000301.JPEG,train
dragon_13824.png,train
ILSVRC2012_val_00000072.JPEG,train
dragon_05374.png,train
ILSVRC2012_val_00000472.JPEG,train
ILSVRC2012_val_00000064.JPEG,train
dragon_11674.png,train
dragon_18774.png,train
dragon_07899.png,train
dragon_17124.png,train
dragon_22224.png,train
dragon_12599.png,train
ILSVRC2012_val_00000585.JPEG,train
ILSVRC2012_val_00000479.JPEG,train
dragon_03399.png,train
dragon_06974.png,train
ILSVRC2012_val_00000497.JPEG,train
dragon_09724.png,train
dragon_04849.png,train
ILSVRC2012_val_00000916.JPEG,train
dragon_16349.png,train
dragon_08399.png,train
ILSVRC2012_val_00000350.JPEG,train
dragon_19274.png,train
dragon_15399.png,train
ILSVRC2012_val_00000932.JPEG,train
dragon_09574.png,train
dragon_02699.png,train
ILSVRC2012_val_00000026.JPEG,train
dragon_04249.png,train
dragon_08199.png,train
dragon_08374.png,train
ILSVRC2012_val_00000504.JPEG,train
dragon_21649.png,train
ILSVRC2012_val_00000219.JPEG,train
dragon_07299.png,train
dragon_23899.png,train
ILSVRC2012_val_00000868.JPEG,train
ILSVRC2012_val_00000855.JPEG,train
dragon_06374.png,train
dragon_21599.png,train
ILSVRC2012_val_00000304.JPEG,train
ILSVRC2012_val_00000366.JPEG,train
ILSVRC2012_val_00000922.JPEG,train
dragon_23399.png,train
dragon_08974.png,train
ILSVRC2012_val_00000597.JPEG,train
ILSVRC2012_val_00000715.JPEG,train
dragon_22324.png,train
dragon_20199.png,train
dragon_12549.png,train
ILSVRC2012_val_00000094.JPEG,train
dragon_01499.png,train
ILSVRC2012_val_00000357.JPEG,train
dragon_12324.png,train
ILSVRC2012_val_00000917.JPEG,train
dragon_10699.png,train
dragon_15749.png,train
ILSVRC2012_val_00000058.JPEG,train
dragon_06499.png,train
ILSVRC2012_val_00000108.JPEG,train
dragon_05274.png,train
ILSVRC2012_val_00000562.JPEG,train
dragon_06799.png,train
dragon_07724.png,train
dragon_00499.png,train
ILSVRC2012_val_00000077.JPEG,train
ILSVRC2012_val_00000451.JPEG,train
dragon_06899.png,train
ILSVRC2012_val_00000508.JPEG,train
ILSVRC2012_val_00000314.JPEG,train
dragon_13074.png,train
ILSVRC2012_val_00000720.JPEG,train
ILSVRC2012_val_00000977.JPEG,train
dragon_23549.png,train
ILSVRC2012_val_00000101.JPEG,train
ILSVRC2012_val_00000746.JPEG,train
ILSVRC2012_val_00000052.JPEG,train
ILSVRC2012_val_00000717.JPEG,train
ILSVRC2012_val_00000099.JPEG,train
ILSVRC2012_val_00000028.JPEG,train
ILSVRC2012_val_00000326.JPEG,train
dragon_21249.png,train
dragon_18349.png,train
ILSVRC2012_val_00000803.JPEG,train
dragon_23824.png,train
dragon_15799.png,train
dragon_23774.png,train
dragon_07874.png,train
ILSVRC2012_val_00000819.JPEG,train
ILSVRC2012_val_00000729.JPEG,train
ILSVRC2012_val_00000123.JPEG,train
ILSVRC2012_val_00000167.JPEG,train
dragon_05074.png,train
ILSVRC2012_val_00000188.JPEG,train
dragon_06049.png,train
ILSVRC2012_val_00000883.JPEG,train
dragon_16474.png,train
ILSVRC2012_val_00000936.JPEG,train
dragon_11174.png,train
dragon_16574.png,train
ILSVRC2012_val_00000174.JPEG,train
dragon_24549.png,train
dragon_05099.png,train
ILSVRC2012_val_00000989.JPEG,train
dragon_16049.png,train
dragon_06649.png,train
ILSVRC2012_val_00000847.JPEG,train
dragon_20724.png,train
ILSVRC2012_val_00000365.JPEG,train
dragon_18324.png,train
ILSVRC2012_val_00000591.JPEG,train
dragon_19624.png,train
ILSVRC2012_val_00000541.JPEG,train
ILSVRC2012_val_00000682.JPEG,train
dragon_03824.png,train
dragon_23999.png,train
ILSVRC2012_val_00000081.JPEG,train
ILSVRC2012_val_00000759.JPEG,train
ILSVRC2012_val_00000463.JPEG,train
ILSVRC2012_val_00000948.JPEG,train
dragon_12949.png,train
dragon_00724.png,train
ILSVRC2012_val_00000103.JPEG,train
dragon_22524.png,train
dragon_20224.png,train
dragon_10874.png,train
dragon_07249.png,train
ILSVRC2012_val_00000926.JPEG,train
ILSVRC2012_val_00000693.JPEG,train
dragon_07624.png,train
dragon_13799.png,train
ILSVRC2012_val_00000618.JPEG,train
dragon_04449.png,train
dragon_06824.png,train
ILSVRC2012_val_00000352.JPEG,train
ILSVRC2012_val_00000925.JPEG,train
dragon_16949.png,train
ILSVRC2012_val_00000853.JPEG,train
dragon_01199.png,train
ILSVRC2012_val_00000731.JPEG,train
ILSVRC2012_val_00000398.JPEG,train
ILSVRC2012_val_00000224.JPEG,train
dragon_05324.png,train
dragon_15149.png,train
dragon_09449.png,train
dragon_21224.png,train
dragon_20149.png,train
ILSVRC2012_val_00000983.JPEG,train
ILSVRC2012_val_00000199.JPEG,train
dragon_03674.png,train
dragon_23199.png,train
ILSVRC2012_val_00000033.JPEG,train
ILSVRC2012_val_00000480.JPEG,train
ILSVRC2012_val_00000540.JPEG,train
dragon_17274.png,train
dragon_15599.png,train
ILSVRC2012_val_00000392.JPEG,train
dragon_08474.png,train
ILSVRC2012_val_00000395.JPEG,train
ILSVRC2012_val_00000923.JPEG,train
dragon_14124.png,train
ILSVRC2012_val_00000121.JPEG,train
dragon_20949.png,train
ILSVRC2012_val_00000233.JPEG,train
ILSVRC2012_val_00000242.JPEG,train
ILSVRC2012_val_00000874.JPEG,train
dragon_08049.png,train
ILSVRC2012_val_00000634.JPEG,train
ILSVRC2012_val_00000620.JPEG,train
dragon_05399.png,train
dragon_08024.png,train
dragon_00774.png,train
dragon_15774.png,train
dragon_04049.png,train
ILSVRC2012_val_00000248.JPEG,train
dragon_15524.png,train
dragon_16224.png,train
ILSVRC2012_val_00000950.JPEG,train
dragon_20799.png,train
dragon_15824.png,train
dragon_17649.png,train
ILSVRC2012_val_00000516.JPEG,train
ILSVRC2012_val_00000163.JPEG,train
ILSVRC2012_val_00000530.JPEG,train
dragon_19049.png,train
dragon_06399.png,train
dragon_07324.png,train
dragon_10349.png,train
dragon_08149.png,train
ILSVRC2012_val_00000348.JPEG,train
ILSVRC2012_val_00000944.JPEG,train
ILSVRC2012_val_00000336.JPEG,train
dragon_08349.png,train
ILSVRC2012_val_00000303.JPEG,train
ILSVRC2012_val_00000057.JPEG,train
ILSVRC2012_val_00000727.JPEG,train
dragon_23574.png,train
ILSVRC2012_val_00000582.JPEG,train
dragon_05299.png,train
ILSVRC2012_val_00000220.JPEG,train
dragon_12499.png,train
dragon_15724.png,train
dragon_06574.png,train
dragon_03499.png,train
ILSVRC2012_val_00000382.JPEG,train
ILSVRC2012_val_00000831.JPEG,train
ILSVRC2012_val_00000709.JPEG,train
ILSVRC2012_val_00000735.JPEG,train
ILSVRC2012_val_00000488.JPEG,train
dragon_05474.png,train
dragon_02374.png,train
ILSVRC2012_val_00000311.JPEG,train
dragon_21574.png,train
dragon_22674.png,train
dragon_08249.png,train
dragon_09199.png,train
dragon_02199.png,train
ILSVRC2012_val_00000184.JPEG,train
ILSVRC2012_val_00000290.JPEG,train
ILSVRC2012_val_00000684.JPEG,train
dragon_08949.png,train
ILSVRC2012_val_00000919.JPEG,train
ILSVRC2012_val_00000155.JPEG,train
ILSVRC2012_val_00000355.JPEG,train
dragon_10449.png,train
dragon_20399.png,train
dragon_17224.png,train
ILSVRC2012_val_00000786.JPEG,train
ILSVRC2012_val_00000679.JPEG,train
ILSVRC2012_val_00000265.JPEG,train
ILSVRC2012_val_00000038.JPEG,train
dragon_16774.png,train
ILSVRC2012_val_00000810.JPEG,train
ILSVRC2012_val_00000425.JPEG,train
dragon_03349.png,train
ILSVRC2012_val_00000899.JPEG,train
dragon_20999.png,train
ILSVRC2012_val_00000761.JPEG,train
ILSVRC2012_val_00000498.JPEG,train
ILSVRC2012_val_00000605.JPEG,train
ILSVRC2012_val_00000012.JPEG,train
dragon_11224.png,train
ILSVRC2012_val_00000362.JPEG,train
ILSVRC2012_val_00000573.JPEG,train
ILSVRC2012_val_00000080.JPEG,train
ILSVRC2012_val_00000972.JPEG,train
ILSVRC2012_val_00000221.JPEG,train
ILSVRC2012_val_00000367.JPEG,train
dragon_22349.png,train
dragon_12299.png,train
dragon_03699.png,train
dragon_18024.png,train
dragon_04999.png,train
ILSVRC2012_val_00000813.JPEG,train
ILSVRC2012_val_00000551.JPEG,train
dragon_08299.png,train
ILSVRC2012_val_00000762.JPEG,train
dragon_09299.png,train
dragon_13099.png,train
ILSVRC2012_val_00000728.JPEG,train
dragon_10399.png,train
ILSVRC2012_val_00000818.JPEG,train
dragon_01624.png,train
dragon_00124.png,train
dragon_15849.png,train
dragon_16199.png,train
dragon_03449.png,train
dragon_17324.png,train
ILSVRC2012_val_00000050.JPEG,train
ILSVRC2012_val_00000083.JPEG,train
dragon_04549.png,train
dragon_22574.png,train
ILSVRC2012_val_00000511.JPEG,train
dragon_08324.png,train
dragon_07674.png,train
ILSVRC2012_val_00000416.JPEG,train
ILSVRC2012_val_00000694.JPEG,train
ILSVRC2012_val_00000204.JPEG,train
dragon_21824.png,train
dragon_02049.png,train
ILSVRC2012_val_00000484.JPEG,train
dragon_07649.png,train
ILSVRC2012_val_00000641.JPEG,train
ILSVRC2012_val_00000066.JPEG,train
dragon_23224.png,train
ILSVRC2012_val_00000534.JPEG,train
dragon_00399.png,train
ILSVRC2012_val_00000608.JPEG,train
dragon_10899.png,train
ILSVRC2012_val_00000772.JPEG,train
dragon_18499.png,train
ILSVRC2012_val_00000528.JPEG,train
ILSVRC2012_val_00000776.JPEG,train
ILSVRC2012_val_00000719.JPEG,train
ILSVRC2012_val_00000675.JPEG,train
dragon_14749.png,train
dragon_23674.png,train
dragon_01799.png,train
ILSVRC2012_val_00000373.JPEG,train
ILSVRC2012_val_00000668.JPEG,train
dragon_15199.png,train
dragon_06749.png,train
dragon_23499.png,train
dragon_05949.png,train
ILSVRC2012_val_00000437.JPEG,train
ILSVRC2012_val_00000489.JPEG,train
ILSVRC2012_val_00000595.JPEG,train
dragon_15274.png,train
dragon_09074.png,train
dragon_14699.png,train
dragon_19874.png,train
dragon_05649.png,train
ILSVRC2012_val_00000457.JPEG,train
ILSVRC2012_val_00000527.JPEG,train
ILSVRC2012_val_00000345.JPEG,train
ILSVRC2012_val_00000780.JPEG,train
ILSVRC2012_val_00000124.JPEG,train
ILSVRC2012_val_00000892.JPEG,train
ILSVRC2012_val_00000166.JPEG,train
dragon_02949.png,train
ILSVRC2012_val_00000492.JPEG,train
ILSVRC2012_val_00000862.JPEG,train
dragon_22199.png,train
dragon_20474.png,train
ILSVRC2012_val_00000893.JPEG,train
ILSVRC2012_val_00000185.JPEG,train
ILSVRC2012_val_00000816.JPEG,train
ILSVRC2012_val_00000200.JPEG,train
ILSVRC2012_val_00000867.JPEG,train
dragon_00974.png,train
ILSVRC2012_val_00000891.JPEG,train
dragon_13649.png,train
dragon_04649.png,train
ILSVRC2012_val_00000447.JPEG,train
ILSVRC2012_val_00000282.JPEG,train
ILSVRC2012_val_00000372.JPEG,train
dragon_20649.png,train
ILSVRC2012_val_00000880.JPEG,train
ILSVRC2012_val_00000197.JPEG,train
dragon_06699.png,train
ILSVRC2012_val_00000241.JPEG,train
dragon_11374.png,train
dragon_00674.png,train
dragon_16449.png,train
dragon_09924.png,train
ILSVRC2012_val_00000656.JPEG,train
ILSVRC2012_val_00000102.JPEG,train
ILSVRC2012_val_00000758.JPEG,train
dragon_02749.png,train
dragon_22949.png,train
ILSVRC2012_val_00000628.JPEG,train
ILSVRC2012_val_00000566.JPEG,train
ILSVRC2012_val_00000716.JPEG,train
dragon_12724.png,train
dragon_01849.png,train
dragon_21874.png,train
ILSVRC2012_val_00000468.JPEG,train
dragon_08074.png,train
ILSVRC2012_val_00000509.JPEG,train
ILSVRC2012_val_00000603.JPEG,train
ILSVRC2012_val_00000964.JPEG,train
dragon_24824.png,train
dragon_02499.png,train
ILSVRC2012_val_00000544.JPEG,train
dragon_14274.png,train
ILSVRC2012_val_00000713.JPEG,train
ILSVRC2012_val_00000470.JPEG,train
ILSVRC2012_val_00001000.JPEG,train
dragon_05924.png,train
ILSVRC2012_val_00000638.JPEG,train
dragon_09874.png,train
dragon_04674.png,train
dragon_18299.png,train
dragon_04424.png,train
dragon_23749.png,train
dragon_22274.png,train
dragon_08574.png,train
ILSVRC2012_val_00000954.JPEG,train
dragon_02249.png,train
ILSVRC2012_val_00000071.JPEG,train
dragon_16974.png,train
ILSVRC2012_val_00000739.JPEG,train
ILSVRC2012_val_00000337.JPEG,train
dragon_14424.png,train
ILSVRC2012_val_00000068.JPEG,train
ILSVRC2012_val_00000751.JPEG,train
dragon_22999.png,train
ILSVRC2012_val_00000782.JPEG,train
dragon_16499.png,train
ILSVRC2012_val_00000466.JPEG,train
dragon_05249.png,train
dragon_00249.png,train
dragon_05424.png,train
dragon_14249.png,train
dragon_08674.png,train
ILSVRC2012_val_00000317.JPEG,train
ILSVRC2012_val_00000035.JPEG,train
dragon_22874.png,train
ILSVRC2012_val_00000056.JPEG,train
ILSVRC2012_val_00000942.JPEG,train
ILSVRC2012_val_00000415.JPEG,train
ILSVRC2012_val_00000404.JPEG,train
ILSVRC2012_val_00000587.JPEG,train
ILSVRC2012_val_00000206.JPEG,train
dragon_02174.png,train
ILSVRC2012_val_00000654.JPEG,train
dragon_06024.png,train
ILSVRC2012_val_00000393.JPEG,train
ILSVRC2012_val_00000269.JPEG,train
ILSVRC2012_val_00000266.JPEG,train
ILSVRC2012_val_00000232.JPEG,train
dragon_10274.png,train
dragon_17974.png,train
ILSVRC2012_val_00000535.JPEG,train
dragon_01774.png,train
dragon_05799.png,train
ILSVRC2012_val_00000439.JPEG,train
dragon_21849.png,train
ILSVRC2012_val_00000686.JPEG,train
dragon_14574.png,train
ILSVRC2012_val_00000825.JPEG,train
dragon_13224.png,train
ILSVRC2012_val_00000639.JPEG,train
dragon_04399.png,train
ILSVRC2012_val_00000555.JPEG,train
dragon_02424.png,train
dragon_19699.png,train
dragon_21149.png,train
ILSVRC2012_val_00000564.JPEG,train
dragon_01649.png,train
ILSVRC2012_val_00000086.JPEG,train
dragon_15924.png,train
ILSVRC2012_val_00000542.JPEG,train
dragon_18699.png,train
ILSVRC2012_val_00000973.JPEG,train
dragon_24574.png,train
ILSVRC2012_val_00000655.JPEG,train
dragon_20374.png,train
dragon_04874.png,train
dragon_08774.png,train
dragon_08699.png,train
ILSVRC2012_val_00000837.JPEG,train
dragon_10749.png,train
dragon_01574.png,train
ILSVRC2012_val_00000002.JPEG,train
ILSVRC2012_val_00000464.JPEG,train
dragon_07199.png,train
ILSVRC2012_val_00000351.JPEG,train
ILSVRC2012_val_00000446.JPEG,train
ILSVRC2012_val_00000271.JPEG,train
ILSVRC2012_val_00000706.JPEG,train
dragon_24624.png,train
ILSVRC2012_val_00000753.JPEG,train
ILSVRC2012_val_00000812.JPEG,train
dragon_11849.png,train
dragon_01224.png,train
ILSVRC2012_val_00000633.JPEG,train
dragon_02674.png,train
dragon_20424.png,train
ILSVRC2012_val_00000414.JPEG,train
dragon_07799.png,train
dragon_07449.png,train
ILSVRC2012_val_00000697.JPEG,train
dragon_10949.png,train
dragon_24324.png,train
ILSVRC2012_val_00000617.JPEG,train
dragon_19124.png,train
ILSVRC2012_val_00000621.JPEG,train
dragon_16424.png,train
ILSVRC2012_val_00000801.JPEG,train
ILSVRC2012_val_00000044.JPEG,train
dragon_21174.png,train
dragon_03099.png,train
dragon_04099.png,train
ILSVRC2012_val_00000791.JPEG,train
ILSVRC2012_val_00000170.JPEG,train
ILSVRC2012_val_00000741.JPEG,train
ILSVRC2012_val_00000428.JPEG,train
dragon_02624.png,train
ILSVRC2012_val_00000704.JPEG,train
dragon_15899.png,train
dragon_01299.png,train
ILSVRC2012_val_00000854.JPEG,train
ILSVRC2012_val_00000757.JPEG,train
ILSVRC2012_val_00000626.JPEG,train
dragon_10099.png,train
ILSVRC2012_val_00000267.JPEG,train
ILSVRC2012_val_00000653.JPEG,train
dragon_05674.png,train
ILSVRC2012_val_00000150.JPEG,train
ILSVRC2012_val_00000191.JPEG,train
dragon_23349.png,train
ILSVRC2012_val_00000273.JPEG,train
dragon_10249.png,train
ILSVRC2012_val_00000860.JPEG,train
ILSVRC2012_val_00000756.JPEG,train
ILSVRC2012_val_00000589.JPEG,train
dragon_07549.png,train
ILSVRC2012_val_00000835.JPEG,train
ILSVRC2012_val_00000525.JPEG,train
ILSVRC2012_val_00000580.JPEG,train
ILSVRC2012_val_00000213.JPEG,train
dragon_09499.png,train
dragon_14599.png,train
dragon_19549.png,train
ILSVRC2012_val_00000205.JPEG,train
dragon_03874.png,train
ILSVRC2012_val_00000353.JPEG,train
ILSVRC2012_val_00000369.JPEG,train
dragon_21949.png,train
dragon_22299.png,train
dragon_21674.png,train
ILSVRC2012_val_00000607.JPEG,train
dragon_21349.png,train
ILSVRC2012_val_00000976.JPEG,train
dragon_07699.png,train
ILSVRC2012_val_00000340.JPEG,train
dragon_00999.png,train
ILSVRC2012_val_00000875.JPEG,train
ILSVRC2012_val_00000354.JPEG,train
ILSVRC2012_val_00000421.JPEG,train
dragon_12999.png,train
ILSVRC2012_val_00000067.JPEG,train
dragon_05049.png,train
dragon_01674.png,train
dragon_24874.png,train
dragon_02974.png,train
ILSVRC2012_val_00000651.JPEG,train
dragon_19449.png,train
ILSVRC2012_val_00000594.JPEG,train
ILSVRC2012_val_00000387.JPEG,train
dragon_21524.png,train
ILSVRC2012_val_00000433.JPEG,train
ILSVRC2012_val_00000440.JPEG,train
ILSVRC2012_val_00000545.JPEG,train
dragon_13199.png,train
ILSVRC2012_val_00000486.JPEG,train
ILSVRC2012_val_00000866.JPEG,train
dragon_20249.png,train
ILSVRC2012_val_00000445.JPEG,train
dragon_14049.png,train
ILSVRC2012_val_00000931.JPEG,train
ILSVRC2012_val_00000335.JPEG,train
dragon_03624.png,train
dragon_00874.png,train
ILSVRC2012_val_00000208.JPEG,train
dragon_02724.png,train
dragon_13849.png,train
dragon_19674.png,train
ILSVRC2012_val_00000092.JPEG,train
ILSVRC2012_val_00000009.JPEG,train
dragon_19974.png,train
dragon_08874.png,train
ILSVRC2012_val_00000886.JPEG,train
dragon_12699.png,train
dragon_13599.png,train
ILSVRC2012_val_00000991.JPEG,train
dragon_04474.png,train
ILSVRC2012_val_00000984.JPEG,train
ILSVRC2012_val_00000397.JPEG,train
dragon_14849.png,train
ILSVRC2012_val_00000129.JPEG,train
dragon_13924.png,train
ILSVRC2012_val_00000093.JPEG,train
dragon_15474.png,train
dragon_19399.png,train
dragon_20299.png,train
dragon_04824.png,train
ILSVRC2012_val_00000385.JPEG,train
dragon_24849.png,train
dragon_02574.png,train
ILSVRC2012_val_00000611.JPEG,train
dragon_03849.png,train
ILSVRC2012_val_00000970.JPEG,train
dragon_14374.png,train
ILSVRC2012_val_00000724.JPEG,train
dragon_06174.png,train
dragon_01374.png,train
ILSVRC2012_val_00000705.JPEG,train
ILSVRC2012_val_00000792.JPEG,train
ILSVRC2012_val_00000043.JPEG,train
ILSVRC2012_val_00000251.JPEG,train
dragon_10224.png,train
ILSVRC2012_val_00000586.JPEG,train
ILSVRC2012_val_00000481.JPEG,train
dragon_11424.png,train
dragon_12199.png,train
ILSVRC2012_val_00000677.JPEG,train
ILSVRC2012_val_00000316.JPEG,train
ILSVRC2012_val_00000520.JPEG,train
dragon_06149.png,train
ILSVRC2012_val_00000192.JPEG,train
ILSVRC2012_val_00000276.JPEG,train
dragon_06299.png,train
ILSVRC2012_val_00000894.JPEG,train
ILSVRC2012_val_00000519.JPEG,train
ILSVRC2012_val_00000062.JPEG,train
ILSVRC2012_val_00000091.JPEG,train
ILSVRC2012_val_00000505.JPEG,train
dragon_16849.png,train
ILSVRC2012_val_00000105.JPEG,train
ILSVRC2012_val_00000614.JPEG,train
dragon_07174.png,train
dragon_12799.png,train
ILSVRC2012_val_00000107.JPEG,train
dragon_05599.png,train
ILSVRC2012_val_00000070.JPEG,train
dragon_09424.png,train
dragon_18649.png,train
ILSVRC2012_val_00000773.JPEG,train
ILSVRC2012_val_00000536.JPEG,train
dragon_00199.png,train
ILSVRC2012_val_00000255.JPEG,train
dragon_24749.png,train
dragon_00274.png,train
ILSVRC2012_val_00000672.JPEG,train
ILSVRC2012_val_00000207.JPEG,train
dragon_11249.png,train
dragon_02224.png,train
ILSVRC2012_val_00000139.JPEG,train
dragon_23149.png,train
ILSVRC2012_val_00000869.JPEG,train
ILSVRC2012_val_00000571.JPEG,train
dragon_17549.png,train
dragon_01249.png,train
dragon_11899.png,train
dragon_21624.png,train
dragon_09099.png,train
ILSVRC2012_val_00000217.JPEG,train
ILSVRC2012_val_00000740.JPEG,train
dragon_07224.png,train
dragon_19099.png,train
ILSVRC2012_val_00000493.JPEG,train
ILSVRC2012_val_00000473.JPEG,train
dragon_24599.png,train
ILSVRC2012_val_00000577.JPEG,train
ILSVRC2012_val_00000707.JPEG,train
dragon_10599.png,train
ILSVRC2012_val_00000827.JPEG,train
ILSVRC2012_val_00000515.JPEG,train
ILSVRC2012_val_00000390.JPEG,train
ILSVRC2012_val_00000234.JPEG,train
ILSVRC2012_val_00000343.JPEG,train
dragon_18524.png,train
dragon_01474.png,train
dragon_01924.png,train
ILSVRC2012_val_00000658.JPEG,train
dragon_01999.png,train
ILSVRC2012_val_00000569.JPEG,train
ILSVRC2012_val_00000323.JPEG,train
ILSVRC2012_val_00000857.JPEG,train
dragon_09749.png,train
ILSVRC2012_val_00000879.JPEG,train
dragon_01174.png,train
ILSVRC2012_val_00000967.JPEG,train
dragon_23249.png,train
ILSVRC2012_val_00000257.JPEG,train
ILSVRC2012_val_00000887.JPEG,train
dragon_01524.png,train
dragon_12649.png,train
ILSVRC2012_val_00000434.JPEG,train
dragon_18549.png,train
ILSVRC2012_val_00000040.JPEG,train
dragon_03024.png,train
dragon_07524.png,train
ILSVRC2012_val_00000747.JPEG,train
ILSVRC2012_val_00000164.JPEG,train
ILSVRC2012_val_00000432.JPEG,train
ILSVRC2012_val_00000389.JPEG,train
dragon_23124.png,train
dragon_15349.png,train
ILSVRC2012_val_00000822.JPEG,train
dragon_15974.png,train
dragon_23599.png,train
dragon_13974.png,train
ILSVRC2012_val_00000368.JPEG,train
dragon_07424.png,train
ILSVRC2012_val_00000074.JPEG,train
dragon_04174.png,train
dragon_12149.png,train
ILSVRC2012_val_00000294.JPEG,train
ILSVRC2012_val_00000183.JPEG,train
dragon_03249.png,train
ILSVRC2012_val_00000699.JPEG,train
dragon_09374.png,train
ILSVRC2012_val_00000708.JPEG,train
ILSVRC2012_val_00000413.JPEG,train
ILSVRC2012_val_00000963.JPEG,train
dragon_01124.png,train
ILSVRC2012_val_00000924.JPEG,train
ILSVRC2012_val_00000768.JPEG,train
ILSVRC2012_val_00000136.JPEG,train
dragon_16749.png,train
dragon_07499.png,train
ILSVRC2012_val_00000714.JPEG,train
dragon_23524.png,train
dragon_03749.png,train
ILSVRC2012_val_00000748.JPEG,train
ILSVRC2012_val_00000754.JPEG,train
dragon_20499.png,train
dragon_05724.png,train
ILSVRC2012_val_00000538.JPEG,train
ILSVRC2012_val_00000858.JPEG,train
dragon_09174.png,train
dragon_03174.png,train
ILSVRC2012_val_00000160.JPEG,train
ILSVRC2012_val_00000250.JPEG,train
ILSVRC2012_val_00000299.JPEG,train
dragon_14649.png,train
dragon_17074.png,train
dragon_02774.png,train
ILSVRC2012_val_00000169.JPEG,train
dragon_14549.png,train
ILSVRC2012_val_00000734.JPEG,train
ILSVRC2012_val_00000090.JPEG,train
dragon_12099.png,train
dragon_16324.png,train
ILSVRC2012_val_00000444.JPEG,train
ILSVRC2012_val_00000968.JPEG,train
dragon_16274.png,train
ILSVRC2012_val_00000904.JPEG,train
dragon_01099.png,train
dragon_18224.png,train
ILSVRC2012_val_00000259.JPEG,train
ILSVRC2012_val_00000045.JPEG,train
ILSVRC2012_val_00000186.JPEG,train
ILSVRC2012_val_00000306.JPEG,train
ILSVRC2012_val_00000037.JPEG,train
ILSVRC2012_val_00000384.JPEG,train
ILSVRC2012_val_00000965.JPEG,train
dragon_06874.png,train
dragon_12624.png,train
ILSVRC2012_val_00000111.JPEG,train
ILSVRC2012_val_00000450.JPEG,train
ILSVRC2012_val_00000730.JPEG,train
ILSVRC2012_val_00000953.JPEG,train
ILSVRC2012_val_00000046.JPEG,train
dragon_04949.png,train
ILSVRC2012_val_00000453.JPEG,train
ILSVRC2012_val_00000245.JPEG,train
ILSVRC2012_val_00000659.JPEG,train
ILSVRC2012_val_00000307.JPEG,train
dragon_02124.png,train
ILSVRC2012_val_00000230.JPEG,train
ILSVRC2012_val_00000383.JPEG,train
ILSVRC2012_val_00000690.JPEG,train
dragon_17374.png,train
dragon_17299.png,train
dragon_17924.png,train
ILSVRC2012_val_00000722.JPEG,train
ILSVRC2012_val_00000284.JPEG,train
dragon_17249.png,train
dragon_22549.png,train
dragon_13124.png,train
ILSVRC2012_val_00000076.JPEG,train
ILSVRC2012_val_00000461.JPEG,train
ILSVRC2012_val_00000274.JPEG,train
dragon_01749.png,train
ILSVRC2012_val_00000671.JPEG,train
ILSVRC2012_val_00000338.JPEG,train
dragon_14224.png,train
ILSVRC2012_val_00000377.JPEG,train
ILSVRC2012_val_00000882.JPEG,train
ILSVRC2012_val_00000131.JPEG,train
ILSVRC2012_val_00000556.JPEG,train
ILSVRC2012_val_00000126.JPEG,train
dragon_14724.png,train
ILSVRC2012_val_00000332.JPEG,train
dragon_22749.png,train
ILSVRC2012_val_00000680.JPEG,train
dragon_00299.png,train
dragon_23624.png,train
ILSVRC2012_val_00000339.JPEG,train
ILSVRC2012_val_00000939.JPEG,train
dragon_21474.png,train
dragon_14799.png,train
dragon_24399.png,train
ILSVRC2012_val_00000036.JPEG,train
ILSVRC2012_val_00000790.JPEG,train
dragon_03474.png,train
ILSVRC2012_val_00000987.JPEG,train
dragon_15674.png,train
ILSVRC2012_val_00000978.JPEG,train
ILSVRC2012_val_00000698.JPEG,train
dragon_03574.png,train
dragon_00849.png,train
dragon_24149.png,train
ILSVRC2012_val_00000980.JPEG,train
dragon_01699.png,train
dragon_02099.png,train
ILSVRC2012_val_00000140.JPEG,train
dragon_02799.png,train
dragon_08749.png,train
dragon_20924.png,train
ILSVRC2012_val_00000647.JPEG,train
dragon_03424.png,train
dragon_10424.png,train
ILSVRC2012_val_00000243.JPEG,train
ILSVRC2012_val_00000808.JPEG,train
ILSVRC2012_val_00000549.JPEG,train
ILSVRC2012_val_00000676.JPEG,train
ILSVRC2012_val_00000003.JPEG,train
dragon_07124.png,train
dragon_12399.png,train
ILSVRC2012_val_00000427.JPEG,train
dragon_21124.png,train
ILSVRC2012_val_00000262.JPEG,train
ILSVRC2012_val_00000325.JPEG,train
dragon_20099.png,train
ILSVRC2012_val_00000260.JPEG,train
dragon_22924.png,train
ILSVRC2012_val_00000737.JPEG,train
dragon_12899.png,train
ILSVRC2012_val_00000559.JPEG,train
ILSVRC2012_val_00000856.JPEG,train
dragon_14974.png,train
dragon_06474.png,train
dragon_14824.png,train
ILSVRC2012_val_00000674.JPEG,train
ILSVRC2012_val_00000695.JPEG,train
ILSVRC2012_val_00000223.JPEG,train
ILSVRC2012_val_00000386.JPEG,test
dragon_00524.png,test
dragon_08649.png,test
ILSVRC2012_val_00000648.JPEG,test
dragon_17574.png,test
ILSVRC2012_val_00000815.JPEG,test
ILSVRC2012_val_00000749.JPEG,test
ILSVRC2012_val_00000598.JPEG,test
ILSVRC2012_val_00000059.JPEG,test
ILSVRC2012_val_00000410.JPEG,test
dragon_23049.png,test
dragon_04024.png,test
ILSVRC2012_val_00000956.JPEG,test
dragon_05124.png,test
ILSVRC2012_val_00000870.JPEG,test
ILSVRC2012_val_00000378.JPEG,test
dragon_11149.png,test
dragon_14074.png,test
ILSVRC2012_val_00000669.JPEG,test
dragon_00424.png,test
ILSVRC2012_val_00000462.JPEG,test
ILSVRC2012_val_00000448.JPEG,test
ILSVRC2012_val_00000635.JPEG,test
dragon_00374.png,test
ILSVRC2012_val_00000096.JPEG,test
dragon_09899.png,test
dragon_04349.png,test
ILSVRC2012_val_00000817.JPEG,test
ILSVRC2012_val_00000689.JPEG,test
dragon_22049.png,test
dragon_06224.png,test
dragon_09049.png,test
ILSVRC2012_val_00000662.JPEG,test
dragon_17499.png,test
ILSVRC2012_val_00000310.JPEG,test
ILSVRC2012_val_00000179.JPEG,test
dragon_15624.png,test
ILSVRC2012_val_00000201.JPEG,test
dragon_23274.png,test
dragon_04524.png,test
ILSVRC2012_val_00000845.JPEG,test
ILSVRC2012_val_00000502.JPEG,test
dragon_03999.png,test
dragon_01449.png,test
ILSVRC2012_val_00000593.JPEG,test
ILSVRC2012_val_00000521.JPEG,test
ILSVRC2012_val_00000710.JPEG,test
ILSVRC2012_val_00000903.JPEG,test
ILSVRC2012_val_00000175.JPEG,test
dragon_12874.png,test
ILSVRC2012_val_00000770.JPEG,test
dragon_03774.png,test
ILSVRC2012_val_00000424.JPEG,test
ILSVRC2012_val_00000078.JPEG,test
dragon_11399.png,test
ILSVRC2012_val_00000018.JPEG,test
dragon_11774.png,test
ILSVRC2012_val_00000526.JPEG,test
ILSVRC2012_val_00000913.JPEG,test
ILSVRC2012_val_00000292.JPEG,test
dragon_10374.png,test
ILSVRC2012_val_00000156.JPEG,test
ILSVRC2012_val_00000616.JPEG,test
ILSVRC2012_val_00000236.JPEG,test
dragon_10649.png,test
ILSVRC2012_val_00000550.JPEG,test
ILSVRC2012_val_00000172.JPEG,test
ILSVRC2012_val_00000848.JPEG,test
dragon_01599.png,test
ILSVRC2012_val_00000013.JPEG,test
dragon_02324.png,test
ILSVRC2012_val_00000613.JPEG,test
ILSVRC2012_val_00000959.JPEG,test
dragon_11099.png,test
dragon_17399.png,test
dragon_20874.png,test
dragon_13424.png,test
ILSVRC2012_val_00000117.JPEG,test
dragon_00074.png,test
ILSVRC2012_val_00000334.JPEG,test
ILSVRC2012_val_00000506.JPEG,test
dragon_24499.png,test
ILSVRC2012_val_00000289.JPEG,test
dragon_02024.png,test
dragon_23799.png,test
ILSVRC2012_val_00000929.JPEG,test
dragon_09224.png,test
dragon_05499.png,test
dragon_14324.png,test
ILSVRC2012_val_00000646.JPEG,test
ILSVRC2012_val_00000431.JPEG,test
ILSVRC2012_val_00000210.JPEG,test
dragon_15224.png,test
ILSVRC2012_val_00000629.JPEG,test
dragon_22974.png,test
ILSVRC2012_val_00000055.JPEG,test
dragon_06549.png,test
dragon_12674.png,test
dragon_01274.png,test
dragon_01874.png,test
dragon_11349.png,test
dragon_11299.png,test
ILSVRC2012_val_00000380.JPEG,test
ILSVRC2012_val_00000356.JPEG,test
dragon_21749.png,test
ILSVRC2012_val_00000602.JPEG,test
ILSVRC2012_val_00000664.JPEG,test
dragon_04499.png,test
dragon_22374.png,test
dragon_13874.png,test
dragon_17699.png,test
dragon_14474.png,test
dragon_13349.png,test
ILSVRC2012_val_00000144.JPEG,test
dragon_10024.png,test
ILSVRC2012_val_00000823.JPEG,test
ILSVRC2012_val_00000796.JPEG,test
ILSVRC2012_val_00000766.JPEG,test
ILSVRC2012_val_00000346.JPEG,test
ILSVRC2012_val_00000834.JPEG,test
dragon_03074.png,test
dragon_24074.png,test
dragon_11199.png,test
dragon_13249.png,test
dragon_18674.png,test
dragon_24649.png,test
ILSVRC2012_val_00000910.JPEG,test
dragon_18149.png,test
ILSVRC2012_val_00000872.JPEG,test
dragon_11549.png,test
dragon_20274.png,test
dragon_11749.png,test
ILSVRC2012_val_00000785.JPEG,test
dragon_06324.png,test
dragon_19374.png,test
ILSVRC2012_val_00000920.JPEG,test
dragon_13299.png,test
dragon_17199.png,test
dragon_23949.png,test
dragon_19574.png,test
dragon_18424.png,test
ILSVRC2012_val_00000168.JPEG,test
dragon_21424.png,test
dragon_00224.png,test
ILSVRC2012_val_00000017.JPEG,test
dragon_06999.png,test
ILSVRC2012_val_00000921.JPEG,test
ILSVRC2012_val_00000015.JPEG,test
ILSVRC2012_val_00000955.JPEG,test
dragon_22449.png,test
dragon_24224.png,test
ILSVRC2012_val_00000196.JPEG,test
ILSVRC2012_val_00000774.JPEG,test
dragon_11499.png,test
ILSVRC2012_val_00000805.JPEG,test
dragon_18474.png,test
ILSVRC2012_val_00000158.JPEG,test
dragon_21274.png,test
dragon_18999.png,test
ILSVRC2012_val_00000554.JPEG,test
dragon_17999.png,test
ILSVRC2012_val_00000763.JPEG,test
dragon_05524.png,test
dragon_09699.png,test
dragon_14999.png,test
ILSVRC2012_val_00000725.JPEG,test
ILSVRC2012_val_00000363.JPEG,test
ILSVRC2012_val_00000256.JPEG,test
dragon_13474.png,test
dragon_04199.png,test
ILSVRC2012_val_00000133.JPEG,test
dragon_00699.png,test
ILSVRC2012_val_00000261.JPEG,test
ILSVRC2012_val_00000418.JPEG,test
ILSVRC2012_val_00000640.JPEG,test
dragon_13749.png,test
dragon_20899.png,test
dragon_14349.png,test
ILSVRC2012_val_00000494.JPEG,test
ILSVRC2012_val_00000228.JPEG,test
dragon_06599.png,test
dragon_19424.png,test
ILSVRC2012_val_00000957.JPEG,test
ILSVRC2012_val_00000794.JPEG,test
ILSVRC2012_val_00000198.JPEG,test
ILSVRC2012_val_00000087.JPEG,test
dragon_08099.png,test
ILSVRC2012_val_00000889.JPEG,test
ILSVRC2012_val_00000244.JPEG,test
ILSVRC2012_val_00000319.JPEG,test
dragon_15874.png,test
dragon_10724.png,test
ILSVRC2012_val_00000552.JPEG,test
dragon_19849.png,test
ILSVRC2012_val_00000280.JPEG,test
dragon_17774.png,test
ILSVRC2012_val_00000407.JPEG,test
ILSVRC2012_val_00000328.JPEG,test
dragon_10824.png,test
ILSVRC2012_val_00000216.JPEG,test
ILSVRC2012_val_00000522.JPEG,test
dragon_23424.png,test
dragon_05349.png,test
dragon_00749.png,test
dragon_10924.png,test
ILSVRC2012_val_00000777.JPEG,test
ILSVRC2012_val_00000429.JPEG,test
dragon_14624.png,test
dragon_22124.png,test
ILSVRC2012_val_00000297.JPEG,test
dragon_15549.png,test
ILSVRC2012_val_00000491.JPEG,test
ILSVRC2012_val_00000085.JPEG,test
ILSVRC2012_val_00000986.JPEG,test
ILSVRC2012_val_00000966.JPEG,test
ILSVRC2012_val_00000547.JPEG,test
dragon_07274.png,test
ILSVRC2012_val_00000988.JPEG,test
ILSVRC2012_val_00000119.JPEG,test
dragon_16799.png,test
dragon_22774.png,test
ILSVRC2012_val_00000239.JPEG,test
ILSVRC2012_val_00000147.JPEG,test
ILSVRC2012_val_00000419.JPEG,test
dragon_04749.png,test
ILSVRC2012_val_00000927.JPEG,test
dragon_24299.png,test
ILSVRC2012_val_00000888.JPEG,test
ILSVRC2012_val_00000069.JPEG,test
ILSVRC2012_val_00000914.JPEG,test
dragon_03124.png,test
ILSVRC2012_val_00000281.JPEG,test
dragon_10324.png,test
ILSVRC2012_val_00000225.JPEG,test
dragon_22249.png,test
dragon_03274.png,test
dragon_20749.png,test
ILSVRC2012_val_00000097.JPEG,test
ILSVRC2012_val_00000452.JPEG,test
dragon_22649.png,test
dragon_10574.png,test
ILSVRC2012_val_00000952.JPEG,test
ILSVRC2012_val_00000313.JPEG,test
ILSVRC2012_val_00000222.JPEG,test
ILSVRC2012_val_00000960.JPEG,test
ILSVRC2012_val_00000561.JPEG,test
dragon_21024.png,test
ILSVRC2012_val_00000588.JPEG,test
ILSVRC2012_val_00000961.JPEG,test
dragon_07099.png,test
dragon_23099.png,test
dragon_16549.png,test
ILSVRC2012_val_00000157.JPEG,test
ILSVRC2012_val_00000767.JPEG,test
dragon_10774.png,test
ILSVRC2012_val_00000637.JPEG,test
ILSVRC2012_val_00000381.JPEG,test
ILSVRC2012_val_00000665.JPEG,test
ILSVRC2012_val_00000143.JPEG,test
ILSVRC2012_val_00000678.JPEG,test
ILSVRC2012_val_00000622.JPEG,test
dragon_21699.png,test
dragon_11449.png,test
ILSVRC2012_val_00000999.JPEG,test
ILSVRC2012_val_00000295.JPEG,test
dragon_00549.png,test
ILSVRC2012_val_00000644.JPEG,test
dragon_20024.png,test
dragon_02874.png,test
ILSVRC2012_val_00000800.JPEG,test
ILSVRC2012_val_00000001.JPEG,test
dragon_11699.png,test
ILSVRC2012_val_00000084.JPEG,test
ILSVRC2012_val_00000861.JPEG,test
dragon_18624.png,test
dragon_16924.png,test
dragon_11324.png,test
ILSVRC2012_val_00000342.JPEG,test
dragon_17474.png,test
ILSVRC2012_val_00000025.JPEG,test
dragon_07574.png,test
ILSVRC2012_val_00000906.JPEG,test
dragon_12974.png,test
ILSVRC2012_val_00000517.JPEG,test
ILSVRC2012_val_00000049.JPEG,test
dragon_06274.png,test
dragon_00949.png,test
ILSVRC2012_val_00000402.JPEG,test
ILSVRC2012_val_00000063.JPEG,test
ILSVRC2012_val_00000406.JPEG,test
dragon_14674.png,test
dragon_07474.png,test
ILSVRC2012_val_00000844.JPEG,test
ILSVRC2012_val_00000270.JPEG,test
dragon_17874.png,test
dragon_17424.png,test
ILSVRC2012_val_00000478.JPEG,test
dragon_19174.png,test
dragon_21074.png,test
dragon_21974.png,test
dragon_24674.png,test
dragon_05749.png,test
ILSVRC2012_val_00000624.JPEG,test
ILSVRC2012_val_00000901.JPEG,test
dragon_04799.png,test
ILSVRC2012_val_00000114.JPEG,test
dragon_24999.png,test
ILSVRC2012_val_00000878.JPEG,test
dragon_07349.png,test
ILSVRC2012_val_00000286.JPEG,test
dragon_04724.png,test
ILSVRC2012_val_00000885.JPEG,test
ILSVRC2012_val_00000596.JPEG,test
dragon_23324.png,test
ILSVRC2012_val_00000106.JPEG,test
ILSVRC2012_val_00000327.JPEG,test
dragon_12374.png,test
dragon_11999.png,test
dragon_11824.png,test
ILSVRC2012_val_00000576.JPEG,test
ILSVRC2012_val_00000159.JPEG,test
ILSVRC2012_val_00000877.JPEG,test
ILSVRC2012_val_00000947.JPEG,test
dragon_12924.png,test
ILSVRC2012_val_00000859.JPEG,test
dragon_12124.png,test
dragon_18449.png,test
dragon_19149.png,test
dragon_22424.png,test
dragon_23074.png,test
dragon_09949.png,test
dragon_22724.png,test
dragon_19899.png,test
dragon_23299.png,test
ILSVRC2012_val_00000329.JPEG,test
ILSVRC2012_val_00000364.JPEG,test
dragon_10974.png,test
dragon_16099.png,test
ILSVRC2012_val_00000997.JPEG,test
dragon_01324.png,test
ILSVRC2012_val_00000723.JPEG,test
ILSVRC2012_val_00000685.JPEG,test
ILSVRC2012_val_00000829.JPEG,test
dragon_12774.png,test
ILSVRC2012_val_00000701.JPEG,test
ILSVRC2012_val_00000023.JPEG,test
dragon_09524.png,test
ILSVRC2012_val_00000120.JPEG,test
ILSVRC2012_val_00000254.JPEG,test
dragon_06074.png,test
dragon_22824.png,test
dragon_21374.png,test
ILSVRC2012_val_00000501.JPEG,test
dragon_10799.png,test
ILSVRC2012_val_00000047.JPEG,test
ILSVRC2012_val_00000667.JPEG,test
dragon_02449.png,test
dragon_08924.png,test
dragon_12524.png,test
ILSVRC2012_val_00000441.JPEG,test
dragon_12824.png,test
dragon_24524.png,test
ILSVRC2012_val_00000696.JPEG,test
ILSVRC2012_val_00000347.JPEG,test
dragon_08424.png,test
ILSVRC2012_val_00000660.JPEG,test
ILSVRC2012_val_00000115.JPEG,test
ILSVRC2012_val_00000177.JPEG,test
dragon_23174.png,test
dragon_03324.png,test
ILSVRC2012_val_00000742.JPEG,test
dragon_15424.png,test
dragon_11024.png,test
ILSVRC2012_val_00000019.JPEG,test
ILSVRC2012_val_00000104.JPEG,test
dragon_13724.png,test
ILSVRC2012_val_00000411.JPEG,test
ILSVRC2012_val_00000237.JPEG,test
ILSVRC2012_val_00000476.JPEG,test
ILSVRC2012_val_00000609.JPEG,test
dragon_24349.png,test
ILSVRC2012_val_00000703.JPEG,test
dragon_04374.png,test
dragon_08174.png,test
dragon_08724.png,test
ILSVRC2012_val_00000752.JPEG,test
dragon_11124.png,test
ILSVRC2012_val_00000821.JPEG,test
dragon_03374.png,test
ILSVRC2012_val_00000088.JPEG,test
dragon_04774.png,test
dragon_19524.png,test
dragon_15299.png,test
ILSVRC2012_val_00000359.JPEG,test
ILSVRC2012_val_00000779.JPEG,test
ILSVRC2012_val_00000008.JPEG,test
ILSVRC2012_val_00000726.JPEG,test
ILSVRC2012_val_00000733.JPEG,test
dragon_08224.png,test
dragon_16124.png,test
dragon_15324.png,test
ILSVRC2012_val_00000824.JPEG,test
ILSVRC2012_val_00000933.JPEG,test
dragon_11924.png,test
dragon_13574.png,test
dragon_14099.png,test
ILSVRC2012_val_00000320.JPEG,test
ILSVRC2012_val_00000507.JPEG,test
dragon_14924.png,test
ILSVRC2012_val_00000908.JPEG,test
dragon_09799.png,test
dragon_11074.png,test
dragon_00099.png,test
ILSVRC2012_val_00000302.JPEG,test
dragon_10999.png,test
dragon_06924.png,test
ILSVRC2012_val_00000296.JPEG,test
dragon_07049.png,test
dragon_05774.png,test
ILSVRC2012_val_00000029.JPEG,test
dragon_16024.png,test
ILSVRC2012_val_00000958.JPEG,test
ILSVRC2012_val_00000187.JPEG,test
ILSVRC2012_val_00000778.JPEG,test
ILSVRC2012_val_00000673.JPEG,test
ILSVRC2012_val_00000590.JPEG,test
dragon_09274.png,test
ILSVRC2012_val_00000941.JPEG,test
ILSVRC2012_val_00000969.JPEG,test
dragon_14149.png,test
ILSVRC2012_val_00000642.JPEG,test
ILSVRC2012_val_00000982.JPEG,test
dragon_14299.png,test
ILSVRC2012_val_00000755.JPEG,test
dragon_17724.png,test
ILSVRC2012_val_00000911.JPEG,test
dragon_13624.png,test
dragon_00924.png,test
ILSVRC2012_val_00000841.JPEG,test
dragon_15174.png,test
dragon_05824.png,test
dragon_24449.png,test
dragon_00174.png,test
ILSVRC2012_val_00000278.JPEG,test
dragon_08824.png,test
ILSVRC2012_val_00000632.JPEG,test
dragon_09474.png,test
dragon_12449.png,test
dragon_13449.png,test
dragon_07074.png,test
ILSVRC2012_val_00000949.JPEG,test
dragon_21099.png,test
ILSVRC2012_val_00000227.JPEG,test
dragon_07949.png,test
dragon_20674.png,test
ILSVRC2012_val_00000182.JPEG,test
ILSVRC2012_val_00000218.JPEG,test
dragon_01049.png,test
ILSVRC2012_val_00000712.JPEG,test
ILSVRC2012_val_00000683.JPEG,test
dragon_24024.png,test
ILSVRC2012_val_00000458.JPEG,test
ILSVRC2012_val_00000330.JPEG,test
ILSVRC2012_val_00000832.JPEG,test
dragon_01024.png,test
ILSVRC2012_val_00000909.JPEG,test
ILSVRC2012_val_00000075.JPEG,test
dragon_13174.png,test
ILSVRC2012_val_00000283.JPEG,test
dragon_16399.png,test
ILSVRC2012_val_00000946.JPEG,test
dragon_09349.png,test
dragon_09624.png,test
ILSVRC2012_val_00000226.JPEG,test
ILSVRC2012_val_00000643.JPEG,test
ILSVRC2012_val_00000379.JPEG,test
dragon_02549.png,test
dragon_07024.png,test
dragon_03599.png,test
dragon_20599.png,test
dragon_06349.png,test
dragon_18249.png,test
ILSVRC2012_val_00000811.JPEG,test
dragon_19349.png,test
ILSVRC2012_val_00000391.JPEG,test
dragon_18924.png,test
dragon_02999.png,test
dragon_04924.png,test
ILSVRC2012_val_00000574.JPEG,test
ILSVRC2012_val_00000732.JPEG,test
dragon_09549.png,test
dragon_18399.png,test
dragon_15649.png,test
dragon_16624.png,test
ILSVRC2012_val_00000202.JPEG,test
ILSVRC2012_val_00000537.JPEG,test
dragon_20974.png,test
dragon_17099.png,test
dragon_08499.png,test
ILSVRC2012_val_00000938.JPEG,test
ILSVRC2012_val_00000934.JPEG,test
ILSVRC2012_val_00000503.JPEG,test
ILSVRC2012_val_00000604.JPEG,test
dragon_16999.png,test
dragon_02849.png,test
dragon_19724.png,test
dragon_22799.png,test
ILSVRC2012_val_00000443.JPEG,test
dragon_05624.png,test
ILSVRC2012_val_00000005.JPEG,test
dragon_19999.png,test
dragon_17449.png,test
ILSVRC2012_val_00000532.JPEG,test
dragon_24049.png,test
dragon_15999.png,test
ILSVRC2012_val_00000798.JPEG,test
dragon_12424.png,test
ILSVRC2012_val_00000992.JPEG,test
dragon_22474.png,test
ILSVRC2012_val_00000113.JPEG,test
dragon_00449.png,test
dragon_08899.png,test
dragon_13324.png,test
ILSVRC2012_val_00000962.JPEG,test
dragon_00824.png,test
dragon_12049.png,test
ILSVRC2012_val_00000601.JPEG,test
dragon_02474.png,test
ILSVRC2012_val_00000209.JPEG,test
ILSVRC2012_val_00000148.JPEG,test
dragon_00324.png,test
ILSVRC2012_val_00000897.JPEG,test
dragon_10174.png,test
ILSVRC2012_val_00000512.JPEG,test
dragon_09124.png,test
dragon_04149.png,test
dragon_13399.png,test
dragon_00049.png,test
ILSVRC2012_val_00000349.JPEG,test
ILSVRC2012_val_00000178.JPEG,test
dragon_06949.png,test
dragon_11974.png,test
ILSVRC2012_val_00000161.JPEG,test
ILSVRC2012_val_00000053.JPEG,test
ILSVRC2012_val_00000082.JPEG,test
ILSVRC2012_val_00000799.JPEG,test
dragon_04599.png,test
dragon_13499.png,test
dragon_21774.png,test
dragon_06524.png,test
dragon_22899.png,test
dragon_12749.png,test
dragon_11799.png,test
ILSVRC2012_val_00000054.JPEG,test
dragon_09149.png,test
ILSVRC2012_val_00000691.JPEG,test
ILSVRC2012_val_00000820.JPEG,test
dragon_18724.png,test
dragon_02924.png,test
dragon_20449.png,test
dragon_08599.png,test
ILSVRC2012_val_00000793.JPEG,test
ILSVRC2012_val_00000027.JPEG,test
ILSVRC2012_val_00000840.JPEG,test
dragon_10074.png,test
ILSVRC2012_val_00000471.JPEG,test
dragon_07749.png,test
dragon_03524.png,test
ILSVRC2012_val_00000787.JPEG,test
dragon_06449.png,test
dragon_23874.png,test
dragon_06774.png,test
ILSVRC2012_val_00000264.JPEG,test
dragon_03224.png,test
ILSVRC2012_val_00000459.JPEG,test
ILSVRC2012_val_00000007.JPEG,test
ILSVRC2012_val_00000661.JPEG,test
ILSVRC2012_val_00000529.JPEG,test
ILSVRC2012_val_00000738.JPEG,test
dragon_18749.png,test
ILSVRC2012_val_00000032.JPEG,test
ILSVRC2012_val_00000865.JPEG,test
dragon_23374.png,test
dragon_19749.png,test
dragon_19199.png,test
ILSVRC2012_val_00000548.JPEG,test
dragon_02899.png,test
dragon_17899.png,test
dragon_06424.png,test
dragon_16374.png,test
ILSVRC2012_val_00000042.JPEG,test
ILSVRC2012_val_00000951.JPEG,test
ILSVRC2012_val_00000575.JPEG,test
dragon_16249.png,test
dragon_03974.png,test
dragon_14899.png,test
dragon_09249.png,test
dragon_09849.png,test
dragon_20324.png,test
dragon_19599.png,test
dragon_14399.png,test
ILSVRC2012_val_00000572.JPEG,test
ILSVRC2012_val_00000309.JPEG,test
dragon_05224.png,test
ILSVRC2012_val_00000039.JPEG,test
ILSVRC2012_val_00000863.JPEG,test
dragon_02149.png,test
dragon_11624.png,test
ILSVRC2012_val_00000898.JPEG,test
ILSVRC2012_val_00000828.JPEG,test
dragon_06249.png,test
ILSVRC2012_val_00000146.JPEG,test
ILSVRC2012_val_00000513.JPEG,test
ILSVRC2012_val_00000455.JPEG,test
dragon_09649.png,test
ILSVRC2012_val_00000606.JPEG,test
ILSVRC2012_val_00000884.JPEG,test
ILSVRC2012_val_00000285.JPEG,test
ILSVRC2012_val_00000034.JPEG,test
ILSVRC2012_val_00000918.JPEG,test
dragon_14949.png,test
ILSVRC2012_val_00000287.JPEG,test
dragon_17599.png,test
dragon_17174.png,test
ILSVRC2012_val_00000514.JPEG,test
dragon_15499.png,test
ILSVRC2012_val_00000141.JPEG,test
dragon_18099.png,test
dragon_01549.png,test
ILSVRC2012_val_00000802.JPEG,test
dragon_12349.png,test
dragon_00624.png,test
ILSVRC2012_val_00000764.JPEG,test
ILSVRC2012_val_00000876.JPEG,test
ILSVRC2012_val_00000558.JPEG,test
ILSVRC2012_val_00000806.JPEG,test
ILSVRC2012_val_00000041.JPEG,test
ILSVRC2012_val_00000623.JPEG,test
dragon_19024.png,test
ILSVRC2012_val_00000846.JPEG,test
dragon_08274.png,test
ILSVRC2012_val_00000630.JPEG,test
ILSVRC2012_val_00000652.JPEG,test
dragon_01149.png,test
dragon_23724.png,test
ILSVRC2012_val_00000830.JPEG,test
dragon_13699.png,test
ILSVRC2012_val_00000321.JPEG,test
ILSVRC2012_val_00000567.JPEG,test
ILSVRC2012_val_00000420.JPEG,test
ILSVRC2012_val_00000736.JPEG,test
dragon_07374.png,test
dragon_05549.png,test
dragon_19499.png,test
dragon_17524.png,test
ILSVRC2012_val_00000500.JPEG,test
dragon_03799.png,test
dragon_18799.png,test
dragon_13899.png,test
ILSVRC2012_val_00000109.JPEG,test
dragon_18824.png,test
dragon_21449.png,test
dragon_18974.png,test
ILSVRC2012_val_00000127.JPEG,test
dragon_15699.png,test
dragon_06624.png,test
ILSVRC2012_val_00000401.JPEG,test
ILSVRC2012_val_00000371.JPEG,test
ILSVRC2012_val_00000935.JPEG,test
ILSVRC2012_val_00000145.JPEG,test
dragon_06124.png,test
ILSVRC2012_val_00000599.JPEG,test
dragon_15124.png,test
dragon_11724.png,test
ILSVRC2012_val_00000288.JPEG,test
ILSVRC2012_val_00000312.JPEG,test
dragon_23474.png,test
dragon_08849.png,test
ILSVRC2012_val_00000165.JPEG,test
ILSVRC2012_val_00000318.JPEG,test
ILSVRC2012_val_00000469.JPEG,test
dragon_24249.png,test
dragon_24724.png,test
dragon_18574.png,test
dragon_10299.png,test
ILSVRC2012_val_00000826.JPEG,test
ILSVRC2012_val_00000089.JPEG,test
dragon_04074.png,test
dragon_08624.png,test
dragon_24799.png,test
dragon_16899.png,test
dragon_09399.png,test
ILSVRC2012_val_00000902.JPEG,test
ILSVRC2012_val_00000436.JPEG,test
ILSVRC2012_val_00000915.JPEG,test
ILSVRC2012_val_00000051.JPEG,test
ILSVRC2012_val_00000627.JPEG,test
ILSVRC2012_val_00000004.JPEG,test
ILSVRC2012_val_00000579.JPEG,test
ILSVRC2012_val_00000194.JPEG,test
ILSVRC2012_val_00000137.JPEG,test
dragon_03149.png,test
dragon_05024.png,test
ILSVRC2012_val_00000360.JPEG,test
dragon_04974.png,test
dragon_16699.png,test
ILSVRC2012_val_00000610.JPEG,test
dragon_17049.png,test
dragon_19799.png,test
ILSVRC2012_val_00000873.JPEG,test
ILSVRC2012_val_00000134.JPEG,test
dragon_05849.png,test
ILSVRC2012_val_00000132.JPEG,test
dragon_02274.png,test
dragon_21499.png,test
ILSVRC2012_val_00000098.JPEG,test
ILSVRC2012_val_00000971.JPEG,test
ILSVRC2012_val_00000523.JPEG,test
ILSVRC2012_val_00000475.JPEG,test
ILSVRC2012_val_00000149.JPEG,test
ILSVRC2012_val_00000460.JPEG,test
ILSVRC2012_val_00000324.JPEG,test
dragon_23924.png,test
ILSVRC2012_val_00000896.JPEG,test
ILSVRC2012_val_00000118.JPEG,test
ILSVRC2012_val_00000095.JPEG,test
ILSVRC2012_val_00000268.JPEG,test
ILSVRC2012_val_00000130.JPEG,test
dragon_24199.png,test
dragon_17624.png,test
dragon_02824.png,test
ILSVRC2012_val_00000804.JPEG,test
ILSVRC2012_val_00000442.JPEG,test
dragon_15049.png,test
dragon_08449.png,test
ILSVRC2012_val_00000376.JPEG,test
dragon_21199.png,test
dragon_15949.png,test
ILSVRC2012_val_00000838.JPEG,test
dragon_00649.png,test
dragon_23974.png,test
ILSVRC2012_val_00000235.JPEG,test
ILSVRC2012_val_00000180.JPEG,test
dragon_10524.png,test
dragon_09324.png,test
ILSVRC2012_val_00000814.JPEG,test
dragon_16599.png,test
dragon_22099.png,test
ILSVRC2012_val_00000435.JPEG,test
ILSVRC2012_val_00000215.JPEG,test
dragon_17849.png,test
dragon_17749.png,test
ILSVRC2012_val_00000011.JPEG,test
ILSVRC2012_val_00000151.JPEG,test
ILSVRC2012_val_00000930.JPEG,test
dragon_12274.png,test
ILSVRC2012_val_00000305.JPEG,test
dragon_04124.png,test
dragon_05999.png,test
ILSVRC2012_val_00000361.JPEG,test
ILSVRC2012_val_00000162.JPEG,test
ILSVRC2012_val_00000670.JPEG,test
ILSVRC2012_val_00000477.JPEG,test
dragon_02399.png,test
dragon_12574.png,test
dragon_18899.png,test
dragon_22024.png,test
ILSVRC2012_val_00000405.JPEG,test
dragon_21799.png,test
ILSVRC2012_val_00000231.JPEG,test
ILSVRC2012_val_00000229.JPEG,test
dragon_13674.png,test
ILSVRC2012_val_00000666.JPEG,test
ILSVRC2012_val_00000467.JPEG,test
ILSVRC2012_val_00000979.JPEG,test
dragon_19224.png,test
dragon_22599.png,test
dragon_10474.png,test
dragon_22174.png,test
ILSVRC2012_val_00000985.JPEG,test
ILSVRC2012_val_00000928.JPEG,test
ILSVRC2012_val_00000842.JPEG,test
ILSVRC2012_val_00000851.JPEG,test
ILSVRC2012_val_00000650.JPEG,test
dragon_20174.png,test
dragon_19649.png,test
ILSVRC2012_val_00000849.JPEG,test
ILSVRC2012_val_00000291.JPEG,test
ILSVRC2012_val_00000769.JPEG,test
dragon_04299.png,test
ILSVRC2012_val_00000153.JPEG,test
ILSVRC2012_val_00000797.JPEG,test
dragon_04899.png,test
dragon_20049.png,test
ILSVRC2012_val_00000128.JPEG,test
ILSVRC2012_val_00000396.JPEG,test
dragon_20349.png,test
ILSVRC2012_val_00000422.JPEG,test
dragon_05699.png,test
ILSVRC2012_val_00000581.JPEG,test
